-- countries
INSERT INTO Z02.COUNTRIES (COUNTRY_ID, NAME, PHONE_NUMBER_PREFIX) VALUES (1, 'Poland', '+48');
INSERT INTO Z02.COUNTRIES (COUNTRY_ID, NAME, PHONE_NUMBER_PREFIX) VALUES (2, 'Ukraine', '+380');

-- addresses
INSERT INTO Z02.ADDRESSES (ADDRESS_ID, TOWN, STREET, BUILDING_NUMBER, APPARTMENT_NUMBER, POSTAL_CODE, COUNTRY_ID) VALUES (1, 'Warsaw', 'Nowowiejska', '4', null, '00-649', 1);
INSERT INTO Z02.ADDRESSES (ADDRESS_ID, TOWN, STREET, BUILDING_NUMBER, APPARTMENT_NUMBER, POSTAL_CODE, COUNTRY_ID) VALUES (2, 'Warsaw', 'Nowowiejska', '15/19', null, '00-665', 1);
INSERT INTO Z02.ADDRESSES (ADDRESS_ID, TOWN, STREET, BUILDING_NUMBER, APPARTMENT_NUMBER, POSTAL_CODE, COUNTRY_ID) VALUES (3, 'Warsaw', 'Nowowiejska', '4', null, '00-649', 1);
INSERT INTO Z02.ADDRESSES (ADDRESS_ID, TOWN, STREET, BUILDING_NUMBER, APPARTMENT_NUMBER, POSTAL_CODE, COUNTRY_ID) VALUES (4, 'Warsaw', 'Warynskiego', '10', null, '00-631', 1);
INSERT INTO Z02.ADDRESSES (ADDRESS_ID, TOWN, STREET, BUILDING_NUMBER, APPARTMENT_NUMBER, POSTAL_CODE, COUNTRY_ID) VALUES (5, 'sdfsdf', 'sdgf', '33', null, '44444', 1);
INSERT INTO Z02.ADDRESSES (ADDRESS_ID, TOWN, STREET, BUILDING_NUMBER, APPARTMENT_NUMBER, POSTAL_CODE, COUNTRY_ID) VALUES (6, 'sdfsdf', 'sdgf', '33', null, '44444', 1);
INSERT INTO Z02.ADDRESSES (ADDRESS_ID, TOWN, STREET, BUILDING_NUMBER, APPARTMENT_NUMBER, POSTAL_CODE, COUNTRY_ID) VALUES (7, 'town', 'street', '45', null, '22-222', 1);
INSERT INTO Z02.ADDRESSES (ADDRESS_ID, TOWN, STREET, BUILDING_NUMBER, APPARTMENT_NUMBER, POSTAL_CODE, COUNTRY_ID) VALUES (8, 'town', 'street', '45', null, '22-222', 1);
INSERT INTO Z02.ADDRESSES (ADDRESS_ID, TOWN, STREET, BUILDING_NUMBER, APPARTMENT_NUMBER, POSTAL_CODE, COUNTRY_ID) VALUES (21, 'Łowicz', 'Kolorowa', '88', null, '99-400', 1);
INSERT INTO Z02.ADDRESSES (ADDRESS_ID, TOWN, STREET, BUILDING_NUMBER, APPARTMENT_NUMBER, POSTAL_CODE, COUNTRY_ID) VALUES (22, 'Warszawa', 'Wesoła', '33', null, '44-321', 1);
INSERT INTO Z02.ADDRESSES (ADDRESS_ID, TOWN, STREET, BUILDING_NUMBER, APPARTMENT_NUMBER, POSTAL_CODE, COUNTRY_ID) VALUES (23, 'Kraków', 'Smutna', '21', null, '32-321', 1);
INSERT INTO Z02.ADDRESSES (ADDRESS_ID, TOWN, STREET, BUILDING_NUMBER, APPARTMENT_NUMBER, POSTAL_CODE, COUNTRY_ID) VALUES (24, 'Łowicz', 'Ciemna', '21', null, '99-400', 1);
INSERT INTO Z02.ADDRESSES (ADDRESS_ID, TOWN, STREET, BUILDING_NUMBER, APPARTMENT_NUMBER, POSTAL_CODE, COUNTRY_ID) VALUES (25, 'dsafsd', 'wqresfda', '12', null, '99-400', 1);
INSERT INTO Z02.ADDRESSES (ADDRESS_ID, TOWN, STREET, BUILDING_NUMBER, APPARTMENT_NUMBER, POSTAL_CODE, COUNTRY_ID) VALUES (26, 'dsaf', 'dsfa', '123', null, '99-400', 1);
INSERT INTO Z02.ADDRESSES (ADDRESS_ID, TOWN, STREET, BUILDING_NUMBER, APPARTMENT_NUMBER, POSTAL_CODE, COUNTRY_ID) VALUES (27, 'dsaf', 'dsfa', '123', null, '99-400', 1);
INSERT INTO Z02.ADDRESSES (ADDRESS_ID, TOWN, STREET, BUILDING_NUMBER, APPARTMENT_NUMBER, POSTAL_CODE, COUNTRY_ID) VALUES (28, 'dsaf', 'fsdfsa', '12', null, '00-000', 1);
INSERT INTO Z02.ADDRESSES (ADDRESS_ID, TOWN, STREET, BUILDING_NUMBER, APPARTMENT_NUMBER, POSTAL_CODE, COUNTRY_ID) VALUES (29, 'abc', 'abc', '21', null, '11-222', 1);
INSERT INTO Z02.ADDRESSES (ADDRESS_ID, TOWN, STREET, BUILDING_NUMBER, APPARTMENT_NUMBER, POSTAL_CODE, COUNTRY_ID) VALUES (30, 'avc', 'dsfas', '2', null, '99-999', 1);
INSERT INTO Z02.ADDRESSES (ADDRESS_ID, TOWN, STREET, BUILDING_NUMBER, APPARTMENT_NUMBER, POSTAL_CODE, COUNTRY_ID) VALUES (31, 'sfda', 'asda', '21', null, '99-999', 1);
INSERT INTO Z02.ADDRESSES (ADDRESS_ID, TOWN, STREET, BUILDING_NUMBER, APPARTMENT_NUMBER, POSTAL_CODE, COUNTRY_ID) VALUES (32, 'dsadfa', 'dsfsdf', '2ds', null, '88-888', 1);
INSERT INTO Z02.ADDRESSES (ADDRESS_ID, TOWN, STREET, BUILDING_NUMBER, APPARTMENT_NUMBER, POSTAL_CODE, COUNTRY_ID) VALUES (33, 'fdsafsa', 'asdfasf', '32', null, '77-777', 1);
INSERT INTO Z02.ADDRESSES (ADDRESS_ID, TOWN, STREET, BUILDING_NUMBER, APPARTMENT_NUMBER, POSTAL_CODE, COUNTRY_ID) VALUES (34, 'fsdaasd', 'sdafs', '3', null, '33-333', 1);
INSERT INTO Z02.ADDRESSES (ADDRESS_ID, TOWN, STREET, BUILDING_NUMBER, APPARTMENT_NUMBER, POSTAL_CODE, COUNTRY_ID) VALUES (35, 'fdsafsa', 'asdfasf', '32', null, '77-777', 1);
INSERT INTO Z02.ADDRESSES (ADDRESS_ID, TOWN, STREET, BUILDING_NUMBER, APPARTMENT_NUMBER, POSTAL_CODE, COUNTRY_ID) VALUES (36, 'fsdaasd', 'sdafs', '3', null, '33-333', 1);
INSERT INTO Z02.ADDRESSES (ADDRESS_ID, TOWN, STREET, BUILDING_NUMBER, APPARTMENT_NUMBER, POSTAL_CODE, COUNTRY_ID) VALUES (37, 'fdsafsa', 'asdfasf', '32', null, '77-777', 1);
INSERT INTO Z02.ADDRESSES (ADDRESS_ID, TOWN, STREET, BUILDING_NUMBER, APPARTMENT_NUMBER, POSTAL_CODE, COUNTRY_ID) VALUES (38, 'fsdaasd', 'sdafs', '3', null, '33-333', 1);
INSERT INTO Z02.ADDRESSES (ADDRESS_ID, TOWN, STREET, BUILDING_NUMBER, APPARTMENT_NUMBER, POSTAL_CODE, COUNTRY_ID) VALUES (39, 'fdsafsa', 'asdfasf', '32', null, '77-777', 1);
INSERT INTO Z02.ADDRESSES (ADDRESS_ID, TOWN, STREET, BUILDING_NUMBER, APPARTMENT_NUMBER, POSTAL_CODE, COUNTRY_ID) VALUES (40, 'fsdaasd', 'sdafs', '3', null, '33-333', 1);
INSERT INTO Z02.ADDRESSES (ADDRESS_ID, TOWN, STREET, BUILDING_NUMBER, APPARTMENT_NUMBER, POSTAL_CODE, COUNTRY_ID) VALUES (41, 'Warsaw', 'ulica', '45', null, '00-666', 1);
INSERT INTO Z02.ADDRESSES (ADDRESS_ID, TOWN, STREET, BUILDING_NUMBER, APPARTMENT_NUMBER, POSTAL_CODE, COUNTRY_ID) VALUES (42, 'Warsaw', 'fromStreet', '33', null, '00-444', 1);
INSERT INTO Z02.ADDRESSES (ADDRESS_ID, TOWN, STREET, BUILDING_NUMBER, APPARTMENT_NUMBER, POSTAL_CODE, COUNTRY_ID) VALUES (43, 'Warsaw', 'toStreet', '27', null, '02-453', 1);
INSERT INTO Z02.ADDRESSES (ADDRESS_ID, TOWN, STREET, BUILDING_NUMBER, APPARTMENT_NUMBER, POSTAL_CODE, COUNTRY_ID) VALUES (61, 'Wroclaw', 'Ibn Siny Awicenny', '21', null, '50-900', 1);
INSERT INTO Z02.ADDRESSES (ADDRESS_ID, TOWN, STREET, BUILDING_NUMBER, APPARTMENT_NUMBER, POSTAL_CODE, COUNTRY_ID) VALUES (62, 'Warsaw', 'Marszalkowska', '26', null, '00-577', 1);


-- login_data
INSERT INTO Z02.LOGIN_DATA (LOGIN_ID, ACCOUNT_TYPE, LOGIN, PASSWORD) VALUES (1, 1, 'courier@gmail.com', '957939245');
INSERT INTO Z02.LOGIN_DATA (LOGIN_ID, ACCOUNT_TYPE, LOGIN, PASSWORD) VALUES (2, 2, 'informatyk_z_eiti@pw.edu.pl', '3237024');
INSERT INTO Z02.LOGIN_DATA (LOGIN_ID, ACCOUNT_TYPE, LOGIN, PASSWORD) VALUES (3, 2, 'informatyk@pw.edu.pl', '-1367099598');
INSERT INTO Z02.LOGIN_DATA (LOGIN_ID, ACCOUNT_TYPE, LOGIN, PASSWORD) VALUES (4, 0, 'admin', '92668751');
INSERT INTO Z02.LOGIN_DATA (LOGIN_ID, ACCOUNT_TYPE, LOGIN, PASSWORD) VALUES (6, 2, 'regret', '-348736521');
INSERT INTO Z02.LOGIN_DATA (LOGIN_ID, ACCOUNT_TYPE, LOGIN, PASSWORD) VALUES (21, 2, 'sj@pw.edu.pl', '-1167765061');
INSERT INTO Z02.LOGIN_DATA (LOGIN_ID, ACCOUNT_TYPE, LOGIN, PASSWORD) VALUES (22, 1, 'courier', '957939245');
INSERT INTO Z02.LOGIN_DATA (LOGIN_ID, ACCOUNT_TYPE, LOGIN, PASSWORD) VALUES (23, 2, 'kp@pl', '1474286514');
INSERT INTO Z02.LOGIN_DATA (LOGIN_ID, ACCOUNT_TYPE, LOGIN, PASSWORD) VALUES (24, 2, 'abc', '2131890591');
INSERT INTO Z02.LOGIN_DATA (LOGIN_ID, ACCOUNT_TYPE, LOGIN, PASSWORD) VALUES (25, 2, 'halo', '1614204308');
INSERT INTO Z02.LOGIN_DATA (LOGIN_ID, ACCOUNT_TYPE, LOGIN, PASSWORD) VALUES (26, 2, 'halo', '562507206');
INSERT INTO Z02.LOGIN_DATA (LOGIN_ID, ACCOUNT_TYPE, LOGIN, PASSWORD) VALUES (27, 2, 'client2', '-735598490');
INSERT INTO Z02.LOGIN_DATA (LOGIN_ID, ACCOUNT_TYPE, LOGIN, PASSWORD) VALUES (28, 2, 'client3', '48690');
INSERT INTO Z02.LOGIN_DATA (LOGIN_ID, ACCOUNT_TYPE, LOGIN, PASSWORD) VALUES (29, 2, 'email@gmail.com', '3433489');



-- clients
INSERT INTO Z02.CLIENTS (CLIENT_ID, NAME, SURNAME, EMAIL, PHONE_NUMBER, ADDRESSES_ADDRESS_ID, LOGIN_DATA_ID, BIRTH_DATE) VALUES (1, 'Informatyk', 'Zeiti', 'informatyk_z_eiti@pw.edu.pl', '666333888', 1, 2, DATE '2000-03-01');
INSERT INTO Z02.CLIENTS (CLIENT_ID, NAME, SURNAME, EMAIL, PHONE_NUMBER, ADDRESSES_ADDRESS_ID, LOGIN_DATA_ID, BIRTH_DATE) VALUES (2, 'Informatyk', 'Zeiti', 'informatyk@pw.edu.pl', '666333888', 2, 3, DATE '2000-01-01');
INSERT INTO Z02.CLIENTS (CLIENT_ID, NAME, SURNAME, EMAIL, PHONE_NUMBER, ADDRESSES_ADDRESS_ID, LOGIN_DATA_ID, BIRTH_DATE) VALUES (3, 'Student', 'Dowolny', 'student@pw.edu.pl', '578246142', 4, null, null);
INSERT INTO Z02.CLIENTS (CLIENT_ID, NAME, SURNAME, EMAIL, PHONE_NUMBER, ADDRESSES_ADDRESS_ID, LOGIN_DATA_ID, BIRTH_DATE) VALUES (4, 'f', 'l', 'email', '343453453', 6, null, null);
INSERT INTO Z02.CLIENTS (CLIENT_ID, NAME, SURNAME, EMAIL, PHONE_NUMBER, ADDRESSES_ADDRESS_ID, LOGIN_DATA_ID, BIRTH_DATE) VALUES (5, 'asd', 'dfasg', 'regret', '234234', 8, 6, DATE '1990-04-22');
INSERT INTO Z02.CLIENTS (CLIENT_ID, NAME, SURNAME, EMAIL, PHONE_NUMBER, ADDRESSES_ADDRESS_ID, LOGIN_DATA_ID, BIRTH_DATE) VALUES (21, 'Szymon', 'Jankowski', 'sj@pw.edu.pl', '111222333', 21, 21, DATE '2002-11-27');
INSERT INTO Z02.CLIENTS (CLIENT_ID, NAME, SURNAME, EMAIL, PHONE_NUMBER, ADDRESSES_ADDRESS_ID, LOGIN_DATA_ID, BIRTH_DATE) VALUES (22, 'Jakub', 'Kowalski', 'jakubkowalski@op.pl', '555321123', 23, null, null);
INSERT INTO Z02.CLIENTS (CLIENT_ID, NAME, SURNAME, EMAIL, PHONE_NUMBER, ADDRESSES_ADDRESS_ID, LOGIN_DATA_ID, BIRTH_DATE) VALUES (25, 'Aaaasadf', 'fdsafdsafa', 'abc', '123456789', 25, 24, DATE '2023-01-01');
INSERT INTO Z02.CLIENTS (CLIENT_ID, NAME, SURNAME, EMAIL, PHONE_NUMBER, ADDRESSES_ADDRESS_ID, LOGIN_DATA_ID, BIRTH_DATE) VALUES (24, 'Kuba', 'Podrażka', 'kp@pl', '876543321', 24, 23, DATE '2002-01-07');
INSERT INTO Z02.CLIENTS (CLIENT_ID, NAME, SURNAME, EMAIL, PHONE_NUMBER, ADDRESSES_ADDRESS_ID, LOGIN_DATA_ID, BIRTH_DATE) VALUES (27, 'fsdafdsa', 'fdsafsadf', 'halo', '123123123', 27, 26, DATE '2023-01-01');
INSERT INTO Z02.CLIENTS (CLIENT_ID, NAME, SURNAME, EMAIL, PHONE_NUMBER, ADDRESSES_ADDRESS_ID, LOGIN_DATA_ID, BIRTH_DATE) VALUES (28, 'abbcbcbcb', 'dsafsd', 'client3', '321321321', 30, 28, DATE '2023-01-01');
INSERT INTO Z02.CLIENTS (CLIENT_ID, NAME, SURNAME, EMAIL, PHONE_NUMBER, ADDRESSES_ADDRESS_ID, LOGIN_DATA_ID, BIRTH_DATE) VALUES (29, 'karol', 'nowak', 'nowkar@pl', '123456789', 32, null, null);
INSERT INTO Z02.CLIENTS (CLIENT_ID, NAME, SURNAME, EMAIL, PHONE_NUMBER, ADDRESSES_ADDRESS_ID, LOGIN_DATA_ID, BIRTH_DATE) VALUES (30, 'dsafsa', 'dfsafsda', 'adsafds', '122333444', 34, null, null);
INSERT INTO Z02.CLIENTS (CLIENT_ID, NAME, SURNAME, EMAIL, PHONE_NUMBER, ADDRESSES_ADDRESS_ID, LOGIN_DATA_ID, BIRTH_DATE) VALUES (31, 'dsafsa', 'dfsafsda', 'adsafds', '122333444', 36, null, null);
INSERT INTO Z02.CLIENTS (CLIENT_ID, NAME, SURNAME, EMAIL, PHONE_NUMBER, ADDRESSES_ADDRESS_ID, LOGIN_DATA_ID, BIRTH_DATE) VALUES (32, 'dsafsa', 'dfsafsda', 'adsafds', '122333444', 38, null, null);
INSERT INTO Z02.CLIENTS (CLIENT_ID, NAME, SURNAME, EMAIL, PHONE_NUMBER, ADDRESSES_ADDRESS_ID, LOGIN_DATA_ID, BIRTH_DATE) VALUES (33, 'dsafsa', 'dfsafsda', 'adsafds', '122333444', 40, null, null);
INSERT INTO Z02.CLIENTS (CLIENT_ID, NAME, SURNAME, EMAIL, PHONE_NUMBER, ADDRESSES_ADDRESS_ID, LOGIN_DATA_ID, BIRTH_DATE) VALUES (34, 'first', 'client', 'email@gmail.com', '34345345', 41, 29, DATE '1999-04-01');
INSERT INTO Z02.CLIENTS (CLIENT_ID, NAME, SURNAME, EMAIL, PHONE_NUMBER, ADDRESSES_ADDRESS_ID, LOGIN_DATA_ID, BIRTH_DATE) VALUES (35, 'Receiver', 'Example', 'receiver@pw.edu.pl', '45454545', 43, null, null);

-- positions
INSERT INTO Z02.POSITIONS (POSITION_ID, NAME, MINIMUM_SALARY) VALUES (21, 'Courier', 1000.00);
INSERT INTO Z02.POSITIONS (POSITION_ID, NAME, MINIMUM_SALARY) VALUES (22, 'Admin', 2000.00);


-- employees
INSERT INTO Z02.EMPLOYEES (EMPLOYEE_ID, NAME, SURNAME, SALARY, POSITION_ID, SERVICE_PLACE_ID, LOGIN_DATA_ID, NODE_ID) VALUES (22, 'courier', 'courier', null, 21, null, 22, 2);
INSERT INTO Z02.EMPLOYEES (EMPLOYEE_ID, NAME, SURNAME, SALARY, POSITION_ID, SERVICE_PLACE_ID, LOGIN_DATA_ID, NODE_ID) VALUES (43, 'admin', 'admin', 6000.00, 22, 1, 4, 1);
INSERT INTO Z02.EMPLOYEES (EMPLOYEE_ID, NAME, SURNAME, SALARY, POSITION_ID, SERVICE_PLACE_ID, LOGIN_DATA_ID, NODE_ID) VALUES (62, 'courier2', 'courier2', null, 21, null, 23, 2);

-- emp_pos_history
INSERT INTO Z02.EMP_POS_HISTORY (EMPLOYEE_ID, POSITION_ID, FROM_DATE, TO_DATE, ID) VALUES (22, 21, TIMESTAMP '2017-01-26 22:15:58', TIMESTAMP '2023-01-27 20:47:55', 1);
INSERT INTO Z02.EMP_POS_HISTORY (EMPLOYEE_ID, POSITION_ID, FROM_DATE, TO_DATE, ID) VALUES (43, 22, TIMESTAMP '2022-10-01 22:16:39', null, 2);
INSERT INTO Z02.EMP_POS_HISTORY (EMPLOYEE_ID, POSITION_ID, FROM_DATE, TO_DATE, ID) VALUES (62, 22, TIMESTAMP '2023-01-27 20:40:56', TIMESTAMP '2023-01-27 20:41:16', 26);
INSERT INTO Z02.EMP_POS_HISTORY (EMPLOYEE_ID, POSITION_ID, FROM_DATE, TO_DATE, ID) VALUES (62, 21, TIMESTAMP '2023-01-27 20:41:16', null, 27);

-- coop_nodes
INSERT INTO Z02.COOP_NODES (NODE_ID, NAME, ADDRESS_ID) VALUES (1, 'WER WARSZAWA1', 4);
INSERT INTO Z02.COOP_NODES (NODE_ID, NAME, ADDRESS_ID) VALUES (2, 'WER WROCLAW1', 61);

-- service_places
INSERT INTO Z02.SERVICE_PLACES (SP_ID, ADDRESS_ID) VALUES (1, 62);

-- packages
INSERT INTO Z02.PACKAGES (PACKAGE_ID, PACKAGE_SIZE, PACKAGE_PRIORITY, PACKAGE_WEIGHT, TO_ADDRESS_ID, FROM_ADDRESS_ID, SERVICE_PLACE_ID, RECEIVER_ID, SENDER_ID, COURIER_ID) VALUES (1, 'Small', 'Standard', null, 4, 3, null, 3, 1, 62);
INSERT INTO Z02.PACKAGES (PACKAGE_ID, PACKAGE_SIZE, PACKAGE_PRIORITY, PACKAGE_WEIGHT, TO_ADDRESS_ID, FROM_ADDRESS_ID, SERVICE_PLACE_ID, RECEIVER_ID, SENDER_ID, COURIER_ID) VALUES (2, 'Small', 'Standard', null, 6, 5, null, 4, 1, null);
INSERT INTO Z02.PACKAGES (PACKAGE_ID, PACKAGE_SIZE, PACKAGE_PRIORITY, PACKAGE_WEIGHT, TO_ADDRESS_ID, FROM_ADDRESS_ID, SERVICE_PLACE_ID, RECEIVER_ID, SENDER_ID, COURIER_ID) VALUES (3, 'Medium', 'Prioritaire', '30', 23, 22, null, 22, 21, null);
INSERT INTO Z02.PACKAGES (PACKAGE_ID, PACKAGE_SIZE, PACKAGE_PRIORITY, PACKAGE_WEIGHT, TO_ADDRESS_ID, FROM_ADDRESS_ID, SERVICE_PLACE_ID, RECEIVER_ID, SENDER_ID, COURIER_ID) VALUES (4, 'Small', 'Standard', '324', 32, 31, null, 29, 28, null);
INSERT INTO Z02.PACKAGES (PACKAGE_ID, PACKAGE_SIZE, PACKAGE_PRIORITY, PACKAGE_WEIGHT, TO_ADDRESS_ID, FROM_ADDRESS_ID, SERVICE_PLACE_ID, RECEIVER_ID, SENDER_ID, COURIER_ID) VALUES (5, 'Medium', 'Prioritaire', '12', 34, 33, null, 30, 28, null);
INSERT INTO Z02.PACKAGES (PACKAGE_ID, PACKAGE_SIZE, PACKAGE_PRIORITY, PACKAGE_WEIGHT, TO_ADDRESS_ID, FROM_ADDRESS_ID, SERVICE_PLACE_ID, RECEIVER_ID, SENDER_ID, COURIER_ID) VALUES (6, 'Medium', 'Prioritaire', '12', 36, 35, null, 31, 28, null);
INSERT INTO Z02.PACKAGES (PACKAGE_ID, PACKAGE_SIZE, PACKAGE_PRIORITY, PACKAGE_WEIGHT, TO_ADDRESS_ID, FROM_ADDRESS_ID, SERVICE_PLACE_ID, RECEIVER_ID, SENDER_ID, COURIER_ID) VALUES (7, 'Medium', 'Prioritaire', '12', 38, 37, null, 32, 28, null);
INSERT INTO Z02.PACKAGES (PACKAGE_ID, PACKAGE_SIZE, PACKAGE_PRIORITY, PACKAGE_WEIGHT, TO_ADDRESS_ID, FROM_ADDRESS_ID, SERVICE_PLACE_ID, RECEIVER_ID, SENDER_ID, COURIER_ID) VALUES (8, 'Medium', 'Prioritaire', '12', 40, 39, null, 33, 28, 22);
INSERT INTO Z02.PACKAGES (PACKAGE_ID, PACKAGE_SIZE, PACKAGE_PRIORITY, PACKAGE_WEIGHT, TO_ADDRESS_ID, FROM_ADDRESS_ID, SERVICE_PLACE_ID, RECEIVER_ID, SENDER_ID, COURIER_ID) VALUES (9, 'Large', 'Prioritaire', '4', 43, 42, null, 35, 34, 22);

-- sp_packs_history
INSERT INTO Z02.SP_PACKS_HISTORY (PACKAGE_ID, SERVICE_PLACE_ID, STATUS_DATETIME, STATUS_ID, DESCRIPTION) VALUES (8, null, DATE '2023-01-12', 4, 'Waiting for courier.');
INSERT INTO Z02.SP_PACKS_HISTORY (PACKAGE_ID, SERVICE_PLACE_ID, STATUS_DATETIME, STATUS_ID, DESCRIPTION) VALUES (8, null, DATE '2023-01-13', 5, 'Package going to node.');
INSERT INTO Z02.SP_PACKS_HISTORY (PACKAGE_ID, SERVICE_PLACE_ID, STATUS_DATETIME, STATUS_ID, DESCRIPTION) VALUES (8, null, DATE '2023-01-13', 6, 'Package delivered to node.');
INSERT INTO Z02.SP_PACKS_HISTORY (PACKAGE_ID, SERVICE_PLACE_ID, STATUS_DATETIME, STATUS_ID, DESCRIPTION) VALUES (8, null, DATE '2023-01-13', 7, 'Package delivered to node.');
INSERT INTO Z02.SP_PACKS_HISTORY (PACKAGE_ID, SERVICE_PLACE_ID, STATUS_DATETIME, STATUS_ID, DESCRIPTION) VALUES (8, null, DATE '2023-01-13', 8, 'Package going to receiver.');
INSERT INTO Z02.SP_PACKS_HISTORY (PACKAGE_ID, SERVICE_PLACE_ID, STATUS_DATETIME, STATUS_ID, DESCRIPTION) VALUES (8, null, DATE '2023-01-13', 9, 'Package delivered to receiver.');
INSERT INTO Z02.SP_PACKS_HISTORY (PACKAGE_ID, SERVICE_PLACE_ID, STATUS_DATETIME, STATUS_ID, DESCRIPTION) VALUES (9, null, DATE '2023-01-13', 10, 'Waiting for courier.');
INSERT INTO Z02.SP_PACKS_HISTORY (PACKAGE_ID, SERVICE_PLACE_ID, STATUS_DATETIME, STATUS_ID, DESCRIPTION) VALUES (9, null, DATE '2023-01-13', 11, 'Package going to node.');
INSERT INTO Z02.SP_PACKS_HISTORY (PACKAGE_ID, SERVICE_PLACE_ID, STATUS_DATETIME, STATUS_ID, DESCRIPTION) VALUES (9, null, DATE '2023-01-13', 12, 'Package delivered to node.');
INSERT INTO Z02.SP_PACKS_HISTORY (PACKAGE_ID, SERVICE_PLACE_ID, STATUS_DATETIME, STATUS_ID, DESCRIPTION) VALUES (9, null, DATE '2023-01-13', 13, 'Package going to receiver.');
INSERT INTO Z02.SP_PACKS_HISTORY (PACKAGE_ID, SERVICE_PLACE_ID, STATUS_DATETIME, STATUS_ID, DESCRIPTION) VALUES (9, null, DATE '2023-01-13', 14, 'Package delivered to receiver.');

-- nodes_packs_history
INSERT INTO Z02.NODES_PACKS_HISTORY (PACKAGE_ID, COOP_NODE_ID, IN_DATETIME, OUT_DATETIME, ENTRY_ID, DESCRIPTION) VALUES (8, 2, TIMESTAMP '2023-01-13 20:18:46', TIMESTAMP '2023-01-13 23:19:19', 3, 'moved to WER WROCLAW1');
INSERT INTO Z02.NODES_PACKS_HISTORY (PACKAGE_ID, COOP_NODE_ID, IN_DATETIME, OUT_DATETIME, ENTRY_ID, DESCRIPTION) VALUES (8, 1, TIMESTAMP '2023-01-13 23:19:19', TIMESTAMP '2023-01-14 13:38:59', 4, 'moved to WER WARSAW1');
